﻿G03001,Sophie,林莉,HR,1-1-1,@
G07204,Ivy,蘇佩詠,HR,1-1-2,@
G11302,Stella,張小妹,HR,1-1-3,@
G08155,Christy,莫小慧,HR,1-1-4,@
G08148,Eagle,勞誌英,HR,1-1-5,@
G11162,Chloe,曹慧瑩,HR,1-1-6,@
G08094,Chelsea,陳小彤,Admin,1-1-7,@
G11077,Rain,郭穎,Admin,1-1-8,@
G04036,Sam,梁斌,Admin,1-1-9,@
G08098,Vada,張文清,HR Training,1-1-10,@
G05069,CiCi,陳雅羲,HR Training,1-2-1,@
G04018,Becky,陳紅蕾,Finance,1-2-2,@
G07164,Carol,李錦慧,Finance,1-2-3,@
G07043,Tracy,羅琰,Finance,1-2-4,@
G05001,Raymond,黃衛武,IS,1-2-5,@
G11158,Louis,廖道樂,IS,1-2-6,@
G11275,Hillgo,鄧健輝,IS,1-2-7,@
G11038,Alex,梁文浩,IS,1-2-8,@
G07099,Vanessa,譚冬梅,IS,1-2-9,@
G07165,Bill,梁善浩,IS,1-2-10,@
G07161,Kent,黎國建,IS,1-3-1,@
G08057,Kevin,區偉俊,IS,1-3-2,@
G08046,Ray,顏兆文,IS,1-3-3,@
G06131,Lora,羅娜,IS,1-3-4,@
G10306,Jakie,劉嘉宇,IS,1-3-5,@
G11135,Alin,潘聰靈,IS,1-3-6,@
G11157,Lotus,付金款,IS,1-3-7,@
G11276,Allen,付光璽,IS,1-3-8,@
G08063,Jimmy,黃盛,Service Network ,1-3-9,@
G05264,Sunny,鄧秉健,Service Network ,1-3-10,@
G07189,Hanson,劉從駒,Service Network ,1-4-1,@
G08025,Christine,盧佩瑩,Service Network ,1-4-2,@
G09201,Mocona,崔燕燕,Service Network ,1-4-3,@
G10080,Tom,張陶,Service Network ,1-4-4,@
G11188,Emmet,林敬翔,Service Network ,1-4-5,@
G08199,Niker,趙傑輝,Service Network ,1-4-6,@
G10086,Ray,莫越超,Service Network ,1-4-7,@
G10162,Flynn,胡玄峰,Service Network ,1-4-8,@
G10244,Leo,梁超華,Service Network ,1-4-9,@
G11007,Martin,朱偉平,Service Network ,1-4-10,@
G12020,Sherman,李誌冬,Service Network ,1-5-1,@
G04039,Crystal,屈燕,Service Network ,1-5-2,@
G06133,Mac,林煒傑,Content Operations,1-5-3,CG
G06091,YoYo,羅妍妍,Content Operations,1-5-4,CG
G06103,Penny,陳振超,Content Operations,1-5-5,CG
G06100,Jason,徐賢超,Content Operations,1-5-6,CG
G06101,Xinba,劉誌華,Content Operations,1-5-7,CG
G06110,Eric,黃家裔,Content Operations,1-5-8,CG
G08196,Sam,潘錦斌,Content Operations,1-5-9,CG
G09034,Titi,廖瑞霞,Content Operations,1-5-10,CG
G10242,Edwin,陳駿傑,Content Operations,1-6-1,CG
G11005,Tom,李誌冬,Content Operations,1-6-2,CG
G11277,Alex,倪新平,Content Operations,1-6-3,CG
G05165,Nicolia,楊麗嬋,SO Training,1-6-4,AL
G05179,Ben,陳紅日,SO Training,1-6-5,AL
G05196,Dan,唐建宏,SO Training,1-6-6,AL
G06123,Yan,謝燕鳳,SO Training,1-6-7,AL
G08178,Janice,袁劍蘭,SO Training,1-6-8,AL
G10020,Betty,鐘彩虹,SO Training,1-6-9,AL
G11200,Carol,陳曉君,SO Training,1-6-10,AL
G04041,Lilian,林秀瓊,Call Centre Administration,1-7-1,AG
G04054,Crystal,趙欣,Call Centre Administration,1-7-2,AG
G07131,Mandy,謝敏儀,Call Centre Administration,1-7-3,AG
G09120,Yuki,招玉儀,Call Centre Administration,1-7-4,AG
G10195,Anson,何誌堅,Call Centre Administration,1-7-5,AG
G10245,Ken,戚銘晉,Call Centre Administration,1-7-6,AG
G11006,Tommy,陳松堅,Call Centre Administration,1-7-7,AG
G11041,Miki,徐敏儀,Call Centre Administration,1-7-8,AG
G10304,Ice,鄧彩雲, Call Centre(Inbound) ,1-7-9,AG
G04010,Roy,範舒穎, Call Centre(Inbound) ,1-7-10,AG
G04012,Simon,陳丙坤, Call Centre(Inbound) ,1-8-1,AG
G04023,Ben,梁國源, Call Centre(Inbound) ,1-8-2,AG
G05174,Stephen,余浩賢, Call Centre(Inbound) ,1-8-3,AG
G04114,Marcus,陳敬恩, Call Centre(Inbound) ,1-8-4,AG
G05107,Louise,陸懿君, Call Centre(Inbound) ,1-8-5,AG
G05243,Andrew,李宇澄, Call Centre(Inbound) ,1-8-6,AG
G06081,Marco,吳錦誌, Call Centre(Inbound) ,1-8-7,AG
G07044,Kathly,李詠詩, Call Centre(Inbound) ,1-8-8,AG
G04027,Paul,李銘綱, Call Centre(Inbound) ,1-8-9,AG
G04098,Paul ,米碩南, Call Centre(Inbound) ,1-8-10,AG
G04138,Helen,李水玲, Call Centre(Inbound) ,1-9-1,AG
G04188,Anna,陳豔芳, Call Centre(Inbound) ,1-9-2,AG
G05019,Rex,歐健嘉, Call Centre(Inbound) ,1-9-3,AG
G05117,Vicki,宋宇媚, Call Centre(Inbound) ,1-9-4,AG
G05125,Joyce,李杏燕, Call Centre(Inbound) ,1-9-5,AG
G05130,Annie,勞勵君, Call Centre(Inbound) ,1-9-6,AG
G05133,Vivi,關穎怡, Call Centre(Inbound) ,1-9-7,AG
G05142,Dick,譚永立, Call Centre(Inbound) ,1-9-8,AG
G05152,Cecilia,趙玉嬋, Call Centre(Inbound) ,1-9-9,AG
G05173,Dicky,謝競科, Call Centre(Inbound) ,1-9-10,AG
G05218,Wendy,李麗華, Call Centre(Inbound) ,1-10-1,AG
G05239,Ben,何國彬, Call Centre(Inbound) ,1-10-2,AG
G06027,Season,張海濤, Call Centre(Inbound) ,1-10-3,AG
G06145,Nina,葉麗娜, Call Centre(Inbound) ,1-10-4,AG
G07147,Miko,高詩敏, Call Centre(Inbound) ,1-10-5,AG
G07195,Gordon,潘兆挺, Call Centre(Inbound) ,1-10-6,AG
G08142,Jimmy,梁華聰, Call Centre(Inbound) ,1-10-7,AG
G08188,Dicky,劉嘉良, Call Centre(Inbound) ,1-10-8,AG
G09003,Anthony,招慰翔, Call Centre(Inbound) ,1-10-9,AG
G09008,Berry,黃健華, Call Centre(Inbound) ,1-10-10,AG
G09012,Lily,王莉, Call Centre(Inbound) ,2-1-1,AG
G10247,Silas,黃勝藍, Call Centre(Inbound) ,2-1-2,AG
G04025,Tony,梁國宇, Call Centre(Inbound) ,2-1-3,AG
G04203,Toby,李傳恩, Call Centre(Inbound) ,2-1-4,AG
G05021,Ben,張偉鵬, Call Centre(Inbound) ,2-1-5,AG
G06111,Summer,鄧啓波, Call Centre(Inbound) ,2-1-6,AG
G08021,May,楊澤美, Call Centre(Inbound) ,2-1-7,AG
G09022,Paco,湯卓華, Call Centre(Inbound) ,2-1-8,AG
G09198,Nancy,間靜文, Call Centre(Inbound) ,2-1-9,AG
G05017,Alex,胡江濤, Call Centre(Inbound) ,2-1-10,AG
G05227,Fion,羅潔珊, Call Centre(Inbound) ,2-2-1,AG
G06113,Sarah,鄧燕華, Call Centre(Inbound) ,2-2-2,AG
G06156,Kenny,林健俊, Call Centre(Inbound) ,2-2-3,AG
G07084,Bitty,劉觀炎, Call Centre(Inbound) ,2-2-4,AG
G07098,Bonnie,梁仲歡, Call Centre(Inbound) ,2-2-5,AG
G07168,Cathy,梁敏瑩, Call Centre(Inbound) ,2-2-6,AG
G07170,Sunny,黃欣, Call Centre(Inbound) ,2-2-7,AG
G08075,Kevin,關健宗, Call Centre(Inbound) ,2-2-8,AG
G08121,Chloe,吳鳳儀, Call Centre(Inbound) ,2-2-9,AG
G08164,Wing,趙穎, Call Centre(Inbound) ,2-2-10,AG
G08170,Selina,範秋婷, Call Centre(Inbound) ,2-3-1,AG
G09002,Kiki,蔡俊琦, Call Centre(Inbound) ,2-3-2,AG
G09005,Coey,胡丹琴, Call Centre(Inbound) ,2-3-3,AG
G09028,Joe,陳誌勇, Call Centre(Inbound) ,2-3-4,AG
G09052,Ada,馮嘉, Call Centre(Inbound) ,2-3-5,AG
G09086,Kitty,李丹丹, Call Centre(Inbound) ,2-3-6,AG
G09096,Man,馮偉曼, Call Centre(Inbound) ,2-3-7,AG
G09097,Cat,林穎瑩, Call Centre(Inbound) ,2-3-8,AG
G07053,Joey,劉慧紅, Call Centre(Inbound) ,2-3-9,AG
G08017,Winnie,黎穎儀, Call Centre(Inbound) ,2-3-10,AG
G08079,Coco,黃碧容, Call Centre(Inbound) ,2-4-1,AG
G09043,Ling,陳曉玲, Call Centre(Inbound) ,2-4-2,AG
G09099,Louise,張碧燕, Call Centre(Inbound) ,2-4-3,AG
G09132,Kama,肖倩茵, Call Centre(Inbound) ,2-4-4,AG
G09217,Doniel,潘智剛, Call Centre(Inbound) ,2-4-5,AG
G10014,Maggie,江淑君, Call Centre(Inbound) ,2-4-6,AG
G10058,Wing,黃家穎, Call Centre(Inbound) ,2-4-7,AG
G10067,Keith,王家龍, Call Centre(Inbound) ,2-4-8,AG
G10094,Yamiko,周倩雅, Call Centre(Inbound) ,2-4-9,AG
G10181,Cherry,宋桂蘭, Call Centre(Inbound) ,2-4-10,AG
G04202,Rebecca,歐陽尚平, Call Centre(Inbound) ,2-5-1,AG
G05151,Wanko,王幸瑤, Call Centre(Inbound) ,2-5-2,AG
G07008,Sabrina,黃雅青, Call Centre(Inbound) ,2-5-3,AG
G07067,Cat,吳麗欣, Call Centre(Inbound) ,2-5-4,AG
G08038,Angel,孫小華, Call Centre(Inbound) ,2-5-5,AG
G08118,Timmy,伍潔貞, Call Centre(Inbound) ,2-5-6,AG
G08169,Heki,梁詩鳴, Call Centre(Inbound) ,2-5-7,AG
G08182,Kyo,謝啟宇, Call Centre(Inbound) ,2-5-8,AG
G08189,Fairy,陳麗媛, Call Centre(Inbound) ,2-5-9,AG
G09041,Kiwi,黃穗瑤, Call Centre(Inbound) ,2-5-10,AG
G09047,Yoko,林晶晶, Call Centre(Inbound) ,2-6-1,AG
G09076,Ann,金敏婷, Call Centre(Inbound) ,2-6-2,AG
G09104,Stella,馮筠儀, Call Centre(Inbound) ,2-6-3,AG
G09131,Alma,梁雅雯, Call Centre(Inbound) ,2-6-4,AG
G09154,Owen,黃一帆, Call Centre(Inbound) ,2-6-5,AG
G09161,Bobby,劉恒藝, Call Centre(Inbound) ,2-6-6,AG
G09184,Iris,李小蕙, Call Centre(Inbound) ,2-6-7,AG
G09203,Natalie,李敏妍, Call Centre(Inbound) ,2-6-8,AG
G09207,Daria,鐘箐, Call Centre(Inbound) ,2-6-9,AG
G09215,Elson,郭潤安, Call Centre(Inbound) ,2-6-10,AG
G10018,Ben,李彬, Call Centre(Inbound) ,2-7-1,AG
G10019,Wesley,張誌強, Call Centre(Inbound) ,2-7-2,AG
G10023,Johnny,陳俊毅, Call Centre(Inbound) ,2-7-3,AG
G10036,Seven,黃然慶, Call Centre(Inbound) ,2-7-4,AG
G10039,Elsa,陳舜詩, Call Centre(Inbound) ,2-7-5,AG
G10041,Kim,鄒智華, Call Centre(Inbound) ,2-7-6,AG
G10053,Ice,郭永威, Call Centre(Inbound) ,2-7-7,AG
G10063,Komi ,趙麗賢, Call Centre(Inbound) ,2-7-8,AG
G10064,Sue,朱淑賢, Call Centre(Inbound) ,2-7-9,AG
G10070,Jason,郭穎聰, Call Centre(Inbound) ,2-7-10,AG
G10087,Kami,朱家鳴, Call Centre(Inbound) ,2-8-1,AG
G10088,Andrew,林誌, Call Centre(Inbound) ,2-8-2,AG
G10089,Carrie,黃嘉茵, Call Centre(Inbound) ,2-8-3,AG
G10095,Ella ,陳惠芳, Call Centre(Inbound) ,2-8-4,AG
G10099,Shadow,勞思敏, Call Centre(Inbound) ,2-8-5,AG
G10100,Money,周敏儀, Call Centre(Inbound) ,2-8-6,AG
G10101,Kaka,袁君, Call Centre(Inbound) ,2-8-7,AG
G10107,Bonnie,何鳳媚, Call Centre(Inbound) ,2-8-8,AG
G10126,Ken,葉誌強, Call Centre(Inbound) ,2-8-9,AG
G10148,Kenny,何若愚, Call Centre(Inbound) ,2-8-10,AG
G10151,Vance,黃誌斌, Call Centre(Inbound) ,2-9-1,AG
G10152,Marco,洪柏祥, Call Centre(Inbound) ,2-9-2,AG
G10156,Bethany,高贊婕, Call Centre(Inbound) ,2-9-3,AG
G10168,Nick,彭誌堅, Call Centre(Inbound) ,2-9-4,AG
G10170,Lily,楊莉莉, Call Centre(Inbound) ,2-9-5,AG
G10173,Vicky,鄧愛霞, Call Centre(Inbound) ,2-9-6,AG
G10180,Janeny,林麗彩, Call Centre(Inbound) ,2-9-7,AG
G10210,Carol,何淑冰, Call Centre(Inbound) ,2-9-8,AG
G10211,Ling,邱美玲, Call Centre(Inbound) ,2-9-9,AG
G10214,Apple,李麗影, Call Centre(Inbound) ,2-9-10,AG
G10226,Colour,陳絲韻, Call Centre(Inbound) ,2-10-1,AG
G10227,Eric,盧山, Call Centre(Inbound) ,2-10-2,AG
G10228,Jason,黃玉龍, Call Centre(Inbound) ,2-10-3,AG
G10230,Chole,朱藹然, Call Centre(Inbound) ,2-10-4,AG
G10231,Paul,曾智華, Call Centre(Inbound) ,2-10-5,AG
G10232,Carrie,成新妹, Call Centre(Inbound) ,2-10-6,AG
G10233,Ivy,謝莎莎, Call Centre(Inbound) ,2-10-7,AG
G10248,Annie,林倚婷, Call Centre(Inbound) ,2-10-8,AG
G10254,Ray,於俊威, Call Centre(Inbound) ,2-10-9,AG
G10259,Donald,張德隆, Call Centre(Inbound) ,2-10-10,AG
G10264,Cathy,彭倩萍, Call Centre(Inbound) ,3-1-1,AG
G10266,Wisdom,梁健朗, Call Centre(Inbound) ,3-1-2,AG
G10283,Miki,謝思斯, Call Centre(Inbound) ,3-1-3,AG
G10294,Coco,郭絲潞, Call Centre(Inbound) ,3-1-4,AG
G10299,Sarah,李妍珊, Call Centre(Inbound) ,3-1-5,AG
G10301,Kiko,馮玉婷, Call Centre(Inbound) ,3-1-6,AG
G10302,Edwin,鄧誌遠, Call Centre(Inbound) ,3-1-7,AG
G10303,Poker,王誌榮, Call Centre(Inbound) ,3-1-8,AG
G10325,Wing,盧嘉穎, Call Centre(Inbound) ,3-1-9,AG
G11013,Benson,邱文彬, Call Centre(Inbound) ,3-1-10,AG
G11015,Gary,劉偉坤, Call Centre(Inbound) ,3-2-1,AG
G11023,Simon,譚啟健, Call Centre(Inbound) ,3-2-2,AG
G11026,Karen,黃靜儀, Call Centre(Inbound) ,3-2-3,AG
G11032,Kent,胡卓彥, Call Centre(Inbound) ,3-2-4,AG
G11033,Ella,範斯欣, Call Centre(Inbound) ,3-2-5,AG
G11034,Ivy,莫綺娜, Call Centre(Inbound) ,3-2-6,AG
G11035,Milk,元翠婷, Call Centre(Inbound) ,3-2-7,AG
G11052,Shirley,麥詩慧, Call Centre(Inbound) ,3-2-8,AG
G11054,Mika,馬靜華, Call Centre(Inbound) ,3-2-9,AG
G11061,Levi,蔡瑞朝, Call Centre(Inbound) ,3-2-10,AG
G11075,Kent,黃德恩, Call Centre(Inbound) ,3-3-1,AG
G11081,Joe,吳誌鵬, Call Centre(Inbound) ,3-3-2,AG
G11083,Milk,鄭詩琦, Call Centre(Inbound) ,3-3-3,AG
G11084,Hugo,楊鑒明, Call Centre(Inbound) ,3-3-4,AG
G11105,Misky,司徒碧君, Call Centre(Inbound) ,3-3-5,AG
G11112,Terrence,黃嘉文, Call Centre(Inbound) ,3-3-6,AG
G11113,Eric,林全, Call Centre(Inbound) ,3-3-7,AG
G11118,Kim,陳玉屏, Call Centre(Inbound) ,3-3-8,AG
G11119,Shadow,陳芮敏, Call Centre(Inbound) ,3-3-9,AG
G11128,Ryan,陳悅, Call Centre(Inbound) ,3-3-10,AG
G11142,Penny,梅逸安, Call Centre(Inbound) ,3-4-1,AG
G11145,Kinky,鄒柳春, Call Centre(Inbound) ,3-4-2,AG
G11178,Mimi,劉秀薇, Call Centre(Inbound) ,3-4-3,AG
G11181,Carmen,鐘潔文, Call Centre(Inbound) ,3-4-4,AG
G11190,Evana,鄺順意, Call Centre(Inbound) ,3-4-5,AG
G11191,Monie,熊瑞齡, Call Centre(Inbound) ,3-4-6,AG
G11199,Doris,何宇冬, Call Centre(Inbound) ,3-4-7,AG
G11212,Eve,韓藝雯, Call Centre(Inbound) ,3-4-8,AG
G11232,Marco,楊銘海, Call Centre(Inbound) ,3-4-9,AG
G11233,Catherine,林淑雅, Call Centre(Inbound) ,3-4-10,AG
G11234,Talent,梁耀宏, Call Centre(Inbound) ,3-5-1,AG
G11235,Kawaii,盧靜文, Call Centre(Inbound) ,3-5-2,AG
G11236,Janice,陳麗娟, Call Centre(Inbound) ,3-5-3,AG
G11239,Steven,王楚源, Call Centre(Inbound) ,3-5-4,AG
G11245,Martin,馮偉成, Call Centre(Inbound) ,3-5-5,AG
G11255,Evan,陳仕浩, Call Centre(Inbound) ,3-5-6,AG
G11260,Edwin,梁榮生, Call Centre(Inbound) ,3-5-7,AG
G11262,Kenson,林學斌, Call Centre(Inbound) ,3-5-8,AG
G11264,Queen,陳麗卿, Call Centre(Inbound) ,3-5-9,AG
G11266,Kit,虞懿, Call Centre(Inbound) ,3-5-10,AG
G11267,Kanson,麥劍生, Call Centre(Inbound) ,3-6-1,AG
G11271,Cherry,李穗蓮, Call Centre(Inbound) ,3-6-2,AG
G11273,Yu,陳玉坤, Call Centre(Inbound) ,3-6-3,AG
G11286,Donis,杜潤庭, Call Centre(Inbound) ,3-6-4,AG
G11287,Joker,林建勇, Call Centre(Inbound) ,3-6-5,AG
G11288,Van,朱夢珊, Call Centre(Inbound) ,3-6-6,AG
G11291,Vicky,陳麗珠, Call Centre(Inbound) ,3-6-7,AG
G11294,Hebe,黎敏儀, Call Centre(Inbound) ,3-6-8,AG
G11297,Sophia,韋桂燕, Call Centre(Inbound) ,3-6-9,AG
G12007,Sky,梁偉堅, Call Centre(Inbound) ,3-6-10,AG
G12008,Bain,羅誌濱, Call Centre(Inbound) ,3-7-1,AG
G12010,Cruise,程振輝, Call Centre(Inbound) ,3-7-2,AG
G12014,Gary,李嘉緯, Call Centre(Inbound) ,3-7-3,AG
G12015,Jimmy,李啟明, Call Centre(Inbound) ,3-7-4,AG
G12016,Kenny,陳家寬, Call Centre(Inbound) ,3-7-5,AG
G12017,Wendy,龍婉婷, Call Centre(Inbound) ,3-7-6,AG
G12022,Becky,黃碧瑩, Call Centre(Inbound) ,3-7-7,AG
G12023,Bee,梁嘉容, Call Centre(Inbound) ,3-7-8,AG
G12024,Aska,陳永嘉, Call Centre(Inbound) ,3-7-9,AG
G12026,Eric,黃東明, Call Centre(Inbound) ,3-7-10,AG
G12027,Jay,鐘廣南, Call Centre(Inbound) ,3-8-1,AG
G12028,Shally,柯少玲, Call Centre(Inbound) ,3-8-2,AG
G12029,Wise,吳慧怡, Call Centre(Inbound) ,3-8-3,AG
G12030,Jackie,張茵, Call Centre(Inbound) ,3-8-4,AG
G12031,Tim,陳丞, Call Centre(Inbound) ,3-8-5,AG
G12032,Sky,鄧俊文, Call Centre(Inbound) ,3-8-6,AG
G05195,Vica,黃潔敏,SQ Team,3-8-7,@
G05016,Eddie,蘇誌章,Call Centre(Macau-Inbound),3-8-8,AG
G04032,Ken,歐清雲,Call Centre(Macau-Inbound),3-8-9,AG
G10008,Eva,羅潔華,Call Centre(Macau-Inbound),3-8-10,AG
G09062,Caca,崔文峰,Call Centre(Macau-Inbound),3-9-1,AG
G09209,Shirley,蘇雪瑩,Call Centre(Macau-Inbound),3-9-2,AG
G10140,Carmen,胡嘉雯,Call Centre(Macau-Inbound),3-9-3,AG
G10144,Armani,何蔓薇,Call Centre(Macau-Inbound),3-9-4,AG
G10145,Miny,林敏儀,Call Centre(Macau-Inbound),3-9-5,AG
G10212,Sunny,李思思,Call Centre(Macau-Inbound),3-9-6,AG
G04062,Joeny,梁誌勇,Call Centre(Outbound),3-9-7,BG
G06065,Viki,劉一帆,Call Centre(Outbound),3-9-8,BG
G04099,Jessie,陸曉燕,Call Centre(Outbound),3-9-9,BG
G06094,Tobe,雷振威,Call Centre(Outbound),3-9-10,BG
G07095,Lo,勞仲華,Call Centre(Outbound),3-10-1,BG
G07146,Dan,鄧覓,Call Centre(Outbound),3-10-2,BG
G07028,Stephen,施嘉平,Call Centre(Outbound),3-10-3,BG
G10009,Vinnie,葉裕韻,Call Centre(Outbound),3-10-4,BG
G06092,Rachel,盧健貞,Call Centre(Outbound),3-10-5,BG
G06157,Ryan,劉進研,Call Centre(Outbound),3-10-6,BG
G07031,SiSi,黃雅斯,Call Centre(Outbound),3-10-7,BG
G07075,Hominy,陳文娣,Call Centre(Outbound),3-10-8,BG
G08051,Max,吳俊城,Call Centre(Outbound),3-10-9,BG
G08055,Aggie,沈靜,Call Centre(Outbound),3-10-10,BG
G08133,Niki,馮桂賢,Call Centre(Outbound),4-1-1,BG
G09037,Viva,羅綺婷,Call Centre(Outbound),4-1-2,BG
G09092,Candy,陳琪珊,Call Centre(Outbound),4-1-3,BG
G10033,Eric,卓智敏,Call Centre(Outbound),4-1-4,BG
G10115,Sam,許俊傑,Call Centre(Outbound),4-1-5,BG
G05135,Karni,黎夢捷,Call Centre(Outbound),4-1-6,BG
G07041,Manman,溫靜敏,Call Centre(Outbound),4-1-7,BG
G07104,Yan,胡嘉欣,Call Centre(Outbound),4-1-8,BG
G07133,Cherry,謝雪清,Call Centre(Outbound),4-1-9,BG
G07202,Rachel,鄭潔艷,Call Centre(Outbound),4-1-10,BG
G08096,Helenla,朱楊健,Call Centre(Outbound),4-2-1,BG
G08193,Van,李卉琳,Call Centre(Outbound),4-2-2,BG
G09035,Kama,麥美儀,Call Centre(Outbound),4-2-3,BG
G09065,Annie,梁安裕,Call Centre(Outbound),4-2-4,BG
G09069,Niko,張慧瑜,Call Centre(Outbound),4-2-5,BG
G09088,Candy,黃詠恩,Call Centre(Outbound),4-2-6,BG
G09123,Vickie,李少華,Call Centre(Outbound),4-2-7,BG
G09146,Benson,梁澤斌,Call Centre(Outbound),4-2-8,BG
G10050,Fanny,譚斐雯,Call Centre(Outbound),4-2-9,BG
G10075,Wing,廖少泳,Call Centre(Outbound),4-2-10,BG
G10114,Allen,曾慶麟,Call Centre(Outbound),4-3-1,BG
G10116,Kico,黃愷心,Call Centre(Outbound),4-3-2,BG
G10164,Jacky,詹永傑,Call Centre(Outbound),4-3-3,BG
G10187,Man,梁文雄,Call Centre(Outbound),4-3-4,BG
G10271,Fanny,林艷卿,Call Centre(Outbound),4-3-5,BG
G10273,Jet,陳均傑,Call Centre(Outbound),4-3-6,BG
G10280,Daisy,陳燕靈,Call Centre(Outbound),4-3-7,BG
G11080,Shelley,蔡春萍,Call Centre(Outbound),4-3-8,BG
G11141,Vicko,梁慧婷,Call Centre(Outbound),4-3-9,BG
G11159,Jerry,李嘉亮,Call Centre(Outbound),4-3-10,BG
G11161,Ricky,歐穎儀,Call Centre(Outbound),4-4-1,BG
G11164,Melody,張瑞瑩,Call Centre(Outbound),4-4-2,BG
G11165,Jennie,簡麗欣,Call Centre(Outbound),4-4-3,BG
G11166,Seven,彭勇,Call Centre(Outbound),4-4-4,BG
G11202,Isabella,肖億璇,Call Centre(Outbound),4-4-5,BG
G11204,Irina,李穎雯,Call Centre(Outbound),4-4-6,BG
G11228,Jason,潘嘉達,Call Centre(Outbound),4-4-7,BG
G11251,Chris,梁潁彬,Call Centre(Outbound),4-4-8,BG
G11253,Terry,張建輝,Call Centre(Outbound),4-4-9,BG
G11279,Kevin,刘嘉豪,Call Centre(Outbound),4-4-10,BG
G11281,Oscar,郭明晖,Call Centre(Outbound),4-5-1,BG
G11303,Wilson,李偉聰,Call Centre(Outbound),4-5-2,BG
G12001,Nikita,黃穎潔,Call Centre(Outbound),4-5-3,BG
G12002,Karson,練誌成,Call Centre(Outbound),4-5-4,BG
G12003,Captain,徐柏,Call Centre(Outbound),4-5-5,BG
G12004,Judat,梁英傑,Call Centre(Outbound),4-5-6,BG
G12035,Avis,李澤棋,Call Centre(Outbound),4-5-7,BG
G12036,Jonny,楊錦龍,Call Centre(Outbound),4-5-8,BG
G12037,Chloe,梁倩陽,Call Centre(Outbound),4-5-9,BG
G07032,Stmily,梁斯敏,Call Centre(Macau-Outbound),4-5-10,BG
G04110,Fonia,蘇棟維,Call Centre(Macau-Outbound),4-6-1,BG
G05202,Winnie,黃慧君,Call Centre(Reactive Retention),4-6-2,BG
G04165,Suki,劉玉珊,Call Centre(Reactive Retention),4-6-3,BG
G05030,Apple,周慶儀,Call Centre(Reactive Retention),4-6-4,BG
G09144,Vicky,蔣秋霞,Call Centre(Reactive Retention),4-6-5,BG
G10191,Peggy,張佩翹,Call Centre(Reactive Retention),4-6-6,BG
G11001,Ruby,練慧婷,Call Centre(Reactive Retention),4-6-7,BG
G05036,K.K.,卞素瓊,Call Centre(Secretarial Service),4-6-8,CG
G04162,Cindy,楊豔嫦,Call Centre(Secretarial Service),4-6-9,CG
G05096,Wasabi,黎麗華,Call Centre(Secretarial Service),4-6-10,CG
G05167,Sammy,黎倩薇,Call Centre(Secretarial Service),4-7-1,CG
G05032,Summer,尹燦全,Call Centre(Secretarial Service),4-7-2,CG
G05055,Susan,黃素珍,Call Centre(Secretarial Service),4-7-3,CG
G05169,Joyce,黃玉慈,Call Centre(Secretarial Service),4-7-4,CG
G05045,Bobo,陳寶瑩,Call Centre(Secretarial Service),4-7-5,CG
G05166,Milk,繆淑儀,Call Centre(Secretarial Service),4-7-6,CG
G08152,Fion,歐陽鳳嬌,Call Centre(Secretarial Service),4-7-7,CG
G09031,Jessica,戴鳳仙,Call Centre(Secretarial Service),4-7-8,CG
G09153,Nicole,何國容,Call Centre(Secretarial Service),4-7-9,CG
G10047,BuBu,黃緯誼,Call Centre(Secretarial Service),4-7-10,CG
G10077,Vincent,劉紹峰,Call Centre(Secretarial Service),4-8-1,CG
G10146,Jason,朱傑生,Call Centre(Secretarial Service),4-8-2,CG
G11090,Michelle,黎惠貞,Call Centre(Secretarial Service),4-8-3,CG
G12039,Ice,盧愛思,Call Centre(Secretarial Service),4-8-4,CG
G12041,Wendy,陳詩韻,Call Centre(Secretarial Service),4-8-5,CG
G05209,June,林津誼,Sales Support,4-8-6,AL
G09151,Sandy,林婉芬,Sales Support,4-8-7,AL
G09177,Cat,蘇惠珊,Sales Support,4-8-8,AL
G11249,Joyce,何麗燕,Sales Support,4-8-9,AL
G05099,Crystal,黃玉潔,MNP/Activation,4-8-10,AL
G05265,Vioca,蘇艷霞,MNP/Activation,4-9-1,AL
G04158,Echo,羅杏崧,MNP/Activation,4-9-2,AL
G06162,Wing,葉穎瑜,MNP/Activation,4-9-3,AL
G06136,Stella,何淑歡,MNP/Activation,4-9-4,AL
G11030,Angela,梁穎娜,MNP/Activation,4-9-5,AL
G10078,Leona,歐燕茹,MNP/Activation,4-9-6,AL
G10113,Ivan,張帆,MNP/Activation,4-9-7,AL
G10193,Apple,周淑萍,MNP/Activation,4-9-8,AL
G11027,Meko,周施慧,MNP/Activation,4-9-9,AL
G11039,Aiko,陳潔婷,MNP/Activation,4-9-10,AL
G11040,Sammy,梁晶,MNP/Activation,4-10-1,AL
G11091,Kay,黃嘉怡,MNP/Activation,4-10-2,AL
G11025,Kat,陳雅婷,News Team,4-10-3,AL
G11028,Alex,張強,News Team,4-10-4,AL
G11248,Echo,曾惠廷,News Team,4-10-5,AL
G05047,Joanne,黎春霞,Webchat,4-10-6,AL
G11008,Rachel,張美紅,Webchat,4-10-7,AL
